{
  "branch_biomedparse": {
    "mem": 0.24253356345046612,
    "cyto": 0.2521016833595407,
    "nuc": 0.277219102510231,
    "pass": false,
    "t3": 100.0,
    "gap": -0.00956811990907458
  },
  "branch_e": {
    "mem": 0.30514443691018006,
    "cyto": 0.3622994337471886,
    "nuc": 0.39128716654202594,
    "pass": false,
    "t3": 100.0,
    "gap": -0.05715499683700853
  },
  "branch_f": {
    "mem": 0.254112063767091,
    "cyto": 0.2714170041843263,
    "nuc": 0.29198763640828806,
    "pass": false,
    "t3": 100.0,
    "gap": -0.017304940417235293
  },
  "branch_g": {
    "mem": 0.254112063767091,
    "cyto": 0.2714170041843263,
    "nuc": 0.29198763640828806,
    "pass": false,
    "t3": 100.0,
    "gap": -0.017304940417235293
  },
  "branch_segformer": {
    "mem": 0,
    "cyto": 0,
    "nuc": 0,
    "pass": null,
    "t3": 0.0,
    "gap": 0
  },
  "branch_teacher_consensus": {
    "mem": 0.24246475116081154,
    "cyto": 0.25370072424809254,
    "nuc": 0.27676549728588273,
    "pass": false,
    "t3": 100.0,
    "gap": -0.011235973087280998
  }
}