{
  "nuclei": {
    "f1_mean": 0.33782455050042115,
    "f1_micro": 0.49484308042994957,
    "precision": 0.4067206951805744,
    "recall": 0.6317137141161493,
    "dice": 0.847674298497359,
    "tp": 131989,
    "fp": 192531,
    "fn": 76949
  },
  "cells": {
    "f1_mean": 0.157492935555085,
    "f1_micro": 0.24417739770711014,
    "precision": 0.21207571683779344,
    "recall": 0.2877309294958111,
    "dice": 0.6910687996388626,
    "tp": 58763,
    "fp": 218322,
    "fn": 145466
  },
  "n_tiles": 1781,
  "errors": 0,
  "seed_threshold": 0.5
}